2023-12-06,TRIDENT,NSE
2023-12-06,YESBANK,NSE
2023-12-06,WELSPUNIND,NSE
2023-12-07,CANFINHOME,NSE
2023-12-07,AUROPHARMA,NSE
2023-12-13,JIOFIN,NSE
2023-12-19,ITC,NSE
2023-12-21,KPITTECH,NSE
2023-12-21,SUNDARMFIN,NSE
2023-12-21,PATANJALI,NSE
2023-12-21,HOMEFIRST,NSE
2023-12-21,KEI,NSE
2023-12-26,RBLBANK,NSE
2023-12-26,UBL,NSE
2024-01-02,INFY,NSE
2024-01-02,INFY,NSE
2024-01-02,INFY,NSE
2024-01-02,INFY,NSE
2024-01-02,INFY,NSE
2024-01-02,ADROITINFO,NSE
2024-01-02,BIRLAMONEY,NSE
2024-01-02,CENTENKA,NSE
2024-01-07,ABBOTINDIA,NSE
2024-01-07,ACE,NSE
2024-01-07,ADROITINFO,NSE
2024-01-07,BHAGCHEM,NSE
2024-01-07,BHARATGEAR,NSE
2024-01-07,BIRLAMONEY,NSE
2024-01-07,BLKASHYAP,NSE
2024-01-07,BPL,NSE
2024-01-07,CENTENKA,NSE
2024-01-07,FILATEX,NSE
2024-01-07,GALAXYSURF,NSE
2024-01-07,GENUSPOWER,NSE
2024-01-07,GODFRYPHLP,NSE
2024-01-07,GSLSU,NSE
2024-01-07,IGPL,NSE
2024-01-07,IIFL,NSE
2024-01-07,INDORAMA,NSE
2024-01-07,JAYBARMARU,NSE
2024-01-07,MANORAMA,NSE
2024-01-07,RADHIKAJWE,NSE
2024-01-07,RGL,NSE
2024-01-07,SADHNANIQ,NSE
2024-01-07,SATIN,NSE
2024-01-07,SMSPHARMA,NSE
2024-01-07,SOTL,NSE
2024-01-07,SUVEN,NSE
2024-01-07,SWELECTES,NSE
2024-01-07,TRF,NSE
2024-01-07,UNICHEMLAB,NSE
2024-01-07,VENKEYS,NSE
2024-01-07,MAXHEALTH,NSE
2024-01-07,MAXHEALTH,NSE
